mean_reward,std_reward
89.18261423956137,27.454675720264643
