mean_reward,std_reward
170.98367584142835,75.07482255209466
