mean_reward,std_reward
135.9909973639995,45.06825703712536
