mean_reward,std_reward
325.0709547022358,137.5645004989383
