mean_reward,std_reward
344.65685373879967,62.88305062134627
