mean_reward,std_reward
109.39698859499768,30.292172911593706
