mean_reward,std_reward
111.83998311553151,27.367232739738224
