mean_reward,std_reward
95.60721361348405,34.12347209857319
