mean_reward,std_reward
119.52066977443174,31.626215137237402
