mean_reward,std_reward
111.88802214963361,29.0739080264363
